{
  "routes": [
    {
      "src": "/api/(.*)",
      "dest": "/api/server.js",
      "methods": ["GET", "POST"]
    },
    {
      "src": "/admin",
      "dest": "/admin/index.html"
    },
    {
      "src": "/",
      "dest": "/public/index.html"
    },
    {
      "src": "/assets/(.*)",
      "dest": "/public/assets/$1"
    },
    {
      "src": "/(.*)",
      "status": 404,
      "dest": "/public/404.html"
    }
  ],
  "headers": [
    {
      "source": "/(.*)",
      "headers": [
        {
          "key": "Strict-Transport-Security",
          "value": "max-age=63072000; includeSubDomains; preload"
        },
        {
          "key": "X-Content-Type-Options",
          "value": "nosniff"
        },
        {
          "key": "X-Frame-Options",
          "value": "DENY"
        },
        {
          "key": "X-XSS-Protection",
          "value": "1; mode=block"
        },
        {
          "key": "Referrer-Policy",
          "value": "same-origin"
        }
      ]
    }
  ],
  "env": {
    "INFURA_URL": "@infura_url",
    "CONTRACT_ADDRESS": "@contract_address",
    "ADMIN_TOKEN": "@admin_token",
    "ADMIN_PRIVATE_KEY": "@admin_private_key"
  }
}