{
  "token": {
    "name": "RootYield",
    "symbol": "RY",
    "decimals": 18,
    "totalSupply": "1000000000000000000000000000",
    "initialSupply": "1000000000000000000000000000"
  },
  "tokenomics": {
    "distribution": {
      "farmRewards": "400000000000000000000000000",
      "stakingRewards": "200000000000000000000000000",
      "treasury": "150000000000000000000000000",
      "burnPool": "100000000000000000000000000",
      "initialLiquidity": "100000000000000000000000000",
      "airdrop": "50000000000000000000000000"
    },
    "mechanisms": {
      "dynamicBurn": {
        "enabled": true,
        "threshold": "100000000000000000000000",
        "burnRate": 3
      },
      "staking": {
        "tiers": [
          {"name": "Bronze", "multiplier": 1, "lockMinDays": 0},
          {"name": "Silver", "multiplier": 2, "lockMinDays": 30},
          {"name": "Gold", "multiplier": 3, "lockMinDays": 90}
        ],
        "vesting": "50% immediate, 50% linear 90 days"
      }
    }
  },
  "deployment": {
    "network": "Binance Smart Chain",
    "chainId": 56,
    "dex": "PancakeSwap",
    "initialLP": {
      "RY": "100000000000000000000000000",
      "BNB": "TBD"
    }
  },
  "contracts": {
    "mainToken": "0x...",
    "farm": "0x...",
    "staking": "0x..."
  }
}